id_pasajero,nombre,email,documento
1,Pedro Castro,pedro.castro.1@viajes.com,PA0000001
2,Sebastian Hernandez,sebastian.hernandez.2@viajes.com,PA0000002
3,Valentina Rojas,valentina.rojas.3@viajes.com,PA0000003
4,Carlos Ramos,carlos.ramos.4@viajes.com,PA0000004
5,Jorge Suarez,jorge.suarez.5@viajes.com,PA0000005
6,Nicolas Martinez,nicolas.martinez.6@viajes.com,PA0000006
7,Andres Cruz,andres.cruz.7@viajes.com,PA0000007
8,Nicolas Navarro,nicolas.navarro.8@viajes.com,PA0000008
9,Sebastian Navarro,sebastian.navarro.9@viajes.com,PA0000009
10,Miguel Torres,miguel.torres.10@viajes.com,PA0000010
11,Carlos Garcia,carlos.garcia.11@viajes.com,PA0000011
12,Camila Rodriguez,camila.rodriguez.12@viajes.com,PA0000012
13,Marta Navarro,marta.navarro.13@viajes.com,PA0000013
14,Juan Romero,juan.romero.14@viajes.com,PA0000014
15,Jorge Castro,jorge.castro.15@viajes.com,PA0000015
16,Andres Romero,andres.romero.16@viajes.com,PA0000016
17,Felipe Ramos,felipe.ramos.17@viajes.com,PA0000017
18,Andres Martinez,andres.martinez.18@viajes.com,PA0000018
19,Camila Romero,camila.romero.19@viajes.com,PA0000019
20,Carlos Ramos,carlos.ramos.20@viajes.com,PA0000020
21,Felipe Garcia,felipe.garcia.21@viajes.com,PA0000021
22,Nicolas Cruz,nicolas.cruz.22@viajes.com,PA0000022
23,Ana Vargas,ana.vargas.23@viajes.com,PA0000023
24,Felipe Castro,felipe.castro.24@viajes.com,PA0000024
25,Miguel Rojas,miguel.rojas.25@viajes.com,PA0000025
26,Nicolas Torres,nicolas.torres.26@viajes.com,PA0000026
27,Nicolas Rojas,nicolas.rojas.27@viajes.com,PA0000027
28,Carlos Vargas,carlos.vargas.28@viajes.com,PA0000028
29,Paula Perez,paula.perez.29@viajes.com,PA0000029
30,Carlos Castro,carlos.castro.30@viajes.com,PA0000030
31,Sofia Molina,sofia.molina.31@viajes.com,PA0000031
32,Carlos Torres,carlos.torres.32@viajes.com,PA0000032
33,Diana Navarro,diana.navarro.33@viajes.com,PA0000033
34,Valentina Navarro,valentina.navarro.34@viajes.com,PA0000034
35,Sara Ramos,sara.ramos.35@viajes.com,PA0000035
36,Valentina Morales,valentina.morales.36@viajes.com,PA0000036
37,Carlos Rojas,carlos.rojas.37@viajes.com,PA0000037
38,Diana Hernandez,diana.hernandez.38@viajes.com,PA0000038
39,Sebastian Navarro,sebastian.navarro.39@viajes.com,PA0000039
40,Sofia Garcia,sofia.garcia.40@viajes.com,PA0000040
41,Carlos Martinez,carlos.martinez.41@viajes.com,PA0000041
42,Carlos Rojas,carlos.rojas.42@viajes.com,PA0000042
43,Sebastian Vargas,sebastian.vargas.43@viajes.com,PA0000043
44,Sofia Morales,sofia.morales.44@viajes.com,PA0000044
45,Paula Garcia,paula.garcia.45@viajes.com,PA0000045
46,Pedro Castro,pedro.castro.46@viajes.com,PA0000046
47,Felipe Perez,felipe.perez.47@viajes.com,PA0000047
48,Sara Hernandez,sara.hernandez.48@viajes.com,PA0000048
49,Ana Navarro,ana.navarro.49@viajes.com,PA0000049
50,Andres Navarro,andres.navarro.50@viajes.com,PA0000050
51,Diana Suarez,diana.suarez.51@viajes.com,PA0000051
52,Luis Ramos,luis.ramos.52@viajes.com,PA0000052
53,Pedro Lopez,pedro.lopez.53@viajes.com,PA0000053
54,Valentina Suarez,valentina.suarez.54@viajes.com,PA0000054
55,Valentina Rojas,valentina.rojas.55@viajes.com,PA0000055
56,Lucia Hernandez,lucia.hernandez.56@viajes.com,PA0000056
57,Andres Lopez,andres.lopez.57@viajes.com,PA0000057
58,Camila Navarro,camila.navarro.58@viajes.com,PA0000058
59,Marta Martinez,marta.martinez.59@viajes.com,PA0000059
60,Felipe Torres,felipe.torres.60@viajes.com,PA0000060
61,Nicolas Rojas,nicolas.rojas.61@viajes.com,PA0000061
62,Laura Perez,laura.perez.62@viajes.com,PA0000062
63,Juan Romero,juan.romero.63@viajes.com,PA0000063
64,Andres Rodriguez,andres.rodriguez.64@viajes.com,PA0000064
65,Camila Castro,camila.castro.65@viajes.com,PA0000065
66,Pedro Gomez,pedro.gomez.66@viajes.com,PA0000066
67,Lucia Garcia,lucia.garcia.67@viajes.com,PA0000067
68,Sara Ramos,sara.ramos.68@viajes.com,PA0000068
69,Ana Castro,ana.castro.69@viajes.com,PA0000069
70,Sara Morales,sara.morales.70@viajes.com,PA0000070
71,Miguel Hernandez,miguel.hernandez.71@viajes.com,PA0000071
72,Paula Hernandez,paula.hernandez.72@viajes.com,PA0000072
73,Sofia Cruz,sofia.cruz.73@viajes.com,PA0000073
74,Carlos Cruz,carlos.cruz.74@viajes.com,PA0000074
75,Felipe Molina,felipe.molina.75@viajes.com,PA0000075
76,Felipe Vargas,felipe.vargas.76@viajes.com,PA0000076
77,Sara Rojas,sara.rojas.77@viajes.com,PA0000077
78,Lucia Garcia,lucia.garcia.78@viajes.com,PA0000078
79,Juan Hernandez,juan.hernandez.79@viajes.com,PA0000079
80,Juan Gomez,juan.gomez.80@viajes.com,PA0000080
81,Sara Rodriguez,sara.rodriguez.81@viajes.com,PA0000081
82,Camila Navarro,camila.navarro.82@viajes.com,PA0000082
83,Paula Castro,paula.castro.83@viajes.com,PA0000083
84,Jorge Rodriguez,jorge.rodriguez.84@viajes.com,PA0000084
85,Nicolas Torres,nicolas.torres.85@viajes.com,PA0000085
86,Sofia Rojas,sofia.rojas.86@viajes.com,PA0000086
87,Miguel Cruz,miguel.cruz.87@viajes.com,PA0000087
88,Nicolas Suarez,nicolas.suarez.88@viajes.com,PA0000088
89,Sebastian Molina,sebastian.molina.89@viajes.com,PA0000089
90,Camila Molina,camila.molina.90@viajes.com,PA0000090
91,Sara Torres,sara.torres.91@viajes.com,PA0000091
92,Paula Navarro,paula.navarro.92@viajes.com,PA0000092
93,Miguel Morales,miguel.morales.93@viajes.com,PA0000093
94,Valentina Hernandez,valentina.hernandez.94@viajes.com,PA0000094
95,Camila Torres,camila.torres.95@viajes.com,PA0000095
96,Nicolas Hernandez,nicolas.hernandez.96@viajes.com,PA0000096
97,Valentina Morales,valentina.morales.97@viajes.com,PA0000097
98,Valentina Rojas,valentina.rojas.98@viajes.com,PA0000098
99,Paula Torres,paula.torres.99@viajes.com,PA0000099
100,Felipe Torres,felipe.torres.100@viajes.com,PA0000100
101,Nicolas Ramos,nicolas.ramos.101@viajes.com,PA0000101
102,Lucia Martinez,lucia.martinez.102@viajes.com,PA0000102
103,Miguel Romero,miguel.romero.103@viajes.com,PA0000103
104,Lucia Hernandez,lucia.hernandez.104@viajes.com,PA0000104
105,Diana Molina,diana.molina.105@viajes.com,PA0000105
106,Sara Cruz,sara.cruz.106@viajes.com,PA0000106
107,Nicolas Morales,nicolas.morales.107@viajes.com,PA0000107
108,Camila Morales,camila.morales.108@viajes.com,PA0000108
109,Marta Gomez,marta.gomez.109@viajes.com,PA0000109
110,Juan Romero,juan.romero.110@viajes.com,PA0000110
111,Nicolas Diaz,nicolas.diaz.111@viajes.com,PA0000111
112,Juan Perez,juan.perez.112@viajes.com,PA0000112
113,Diana Molina,diana.molina.113@viajes.com,PA0000113
114,Nicolas Romero,nicolas.romero.114@viajes.com,PA0000114
115,Juan Vargas,juan.vargas.115@viajes.com,PA0000115
116,Laura Ramos,laura.ramos.116@viajes.com,PA0000116
117,Andres Perez,andres.perez.117@viajes.com,PA0000117
118,Diana Ramos,diana.ramos.118@viajes.com,PA0000118
119,Lucia Morales,lucia.morales.119@viajes.com,PA0000119
120,Valentina Lopez,valentina.lopez.120@viajes.com,PA0000120
